Date,Predicted Price (No Noise)
2024-11-29,2.538729
2024-11-30,2.528616
2024-12-01,2.5331252
2024-12-02,2.4887156
2024-12-03,2.450922
2024-12-04,2.4399498
2024-12-05,2.4138334
2024-12-06,2.3513968
2024-12-07,2.423117
2024-12-08,2.327129
2024-12-09,2.2975514
2024-12-10,2.246232
2024-12-11,2.2796078
2024-12-12,2.1910841
2024-12-13,2.1660862
2024-12-14,2.1618106
